{"Fidelity_Asia": {"mean": 0.000622, "median": 0.000985, "std": 0.013659}, "Matthews_Asia": {"mean": 0.000454, "median": 0.000756, "std": 0.012125}, "Invesco_Developing": {"mean": 0.000919, "median": 0.000968, "std": 0.02718}}
